CVE ID,src txt1,root cause1,src txt2,root cause2,value
CVE-2023-24819,"RIOT-OS, an operating system that supports Internet of Things devices, contains a network stack with the ability to process 6LoWPAN frames. Prior to version 2022.10, an attacker can send a crafted frame to the device resulting in an out of bounds write in the packet buffer. The overflow can be used to corrupt other packets and the allocator metadata. Corrupting a pointer will easily lead to denial of service. While carefully manipulating the allocator metadata gives an attacker the possibility to write data to arbitrary locations and thus execute arbitrary code. Version 2022.10 fixes this issue. As a workaround, disable support for fragmented IP datagrams or apply the patches manually.",send a crafted frame to the device,RIOT-OS. < 2022.10. RIOT-OS contains a network stack with the ability to process 6LoWPAN frames. An attacker can send a crafted frame to the device resulting in an out of bounds write in the packet buffer. The overflow can be used to corrupt other packets and the allocator metadata. Corrupting a pointer will easily lead to denial of service. While carefully manipulating the allocator metadata gives an attacker the possibility to write data to arbitrary locations and thus execute arbitrary code.,send a crafted frame to the device,1
CVE-2023-24821,"RIOT-OS, an operating system that supports Internet of Things devices, contains a network stack with the ability to process 6LoWPAN frames. Prior to version 2022.10, an attacker can send a crafted frame to the device resulting in a large out of bounds write beyond the packet buffer. The write will create a hard fault exception after reaching the last page of RAM. The hard fault is not handled and the system will be stuck until reset, thus the impact is denial of service. Version 2022.10 fixes this issue. As a workaround, disable support for fragmented IP datagrams or apply the patches manually.",send a crafted frame to the device,RIOT-OS. < 2022.10. RIOT-OS contains a network stack with the ability to process 6LoWPAN frames. An attacker can send a crafted frame to the device resulting in a large out of bounds write beyond the packet buffer. The write will create a hard fault exception after reaching the last page of RAM. The hard fault is not handled and the system will be stuck until reset. Thus the impact is denial of service.,send a crafted frame to the device,1
CVE-2021-21280,"Contiki-NG is an open-source, cross-platform operating system for internet of things devices. It is possible to cause an out-of-bounds write in versions of Contiki-NG prior to 4.6 when transmitting a 6LoWPAN packet with a chain of extension headers. Unfortunately, the written header is not checked to be within the available space, thereby making it possible to write outside the buffer. The problem has been patched in Contiki-NG 4.6. Users can apply the patch for this vulnerability out-of-band as a workaround.",written header is not checked to be within the available space,"Contiki-NG. < 4.6. It is possible to cause an out-of-bounds write in Contiki-NG when transmitting a 6LoWPAN packet with a chain of extension headers. Unfortunately, the written header is not checked to be within the available space, thereby making it possible to write outside the buffer.",written header is not checked to be within the available space,1
CVE-2020-9306,"Tesla SolarCity Solar Monitoring Gateway through 5.46.43 has a ""Use of Hard-coded Credentials"" issue because Digi ConnectPort X2e uses a .pyc file to store the cleartext password for the python user account.",uses a .pyc file to store the cleartext password for the python user account,"Tesla/SolarCity's ConnectPort X2e firmware stored cleartext credentials for the local user python in compiled Python (""PYC"") files. This password could be used by a malicious user to establish an SSH connection to a X2e device as this user.

High - Using the hardcoded credentials, an attacker can connect to any X2e device to extract sensitive information, install a persistence mechanism, escalate privileges, or cause denial of service conditions.","stored cleartext credentials for the local user python in compiled Python (""PYC"") files",2
CVE-2020-8861,This vulnerability allows network-adjacent attackers to bypass authentication on affected installations of D-Link DAP-1330 1.10B01 BETA Wi-Fi range extenders. Authentication is not required to exploit this vulnerability. The specific flaw exists within the handling of HNAP login requests. The issue results from the lack of proper handling of cookies. An attacker can leverage this vulnerability to execute arbitrary code on the router. Was ZDI-CAN-9554.,lack of proper handling of cookies,Trend Micro's Zero Day Initiative (ZDI) research team submitted a HNAP Authentication Bypass Vulnerability that is  logic flaw in the implementation of the HNAP login algorithm allowing an attacker to bypass authentication and reset the admin password.,logic flaw,4
,Trend Micro's Zero Day Initiative (ZDI) research team submitted a HNAP Authentication Bypass Vulnerability that is  logic flaw in the implementation of the HNAP login algorithm allowing an attacker to bypass authentication and reset the admin password.,logic flaw,"D-Link. DAP-1330. This vulnerability allows network-adjacent attackers to bypass authentication on affected installations of D-Link DAP-1330 Wi-Fi range extenders. Authentication is not required to exploit this vulnerability.

The specific flaw exists within the handling of HNAP login requests. The issue results from the lack of proper handling of cookies. An attacker can leverage this vulnerability to execute arbitrary code on the router.",lack of proper handling of cookies,4
,"D-Link. DAP-1330. This vulnerability allows network-adjacent attackers to bypass authentication on affected installations of D-Link DAP-1330 Wi-Fi range extenders. Authentication is not required to exploit this vulnerability.

The specific flaw exists within the handling of HNAP login requests. The issue results from the lack of proper handling of cookies. An attacker can leverage this vulnerability to execute arbitrary code on the router.",lack of proper handling of cookies,This vulnerability allows network-adjacent attackers to bypass authentication on affected installations of D-Link DAP-1330 1.10B01 BETA Wi-Fi range extenders. Authentication is not required to exploit this vulnerability. The specific flaw exists within the handling of HNAP login requests. The issue results from the lack of proper handling of cookies. An attacker can leverage this vulnerability to execute arbitrary code on the router. Was ZDI-CAN-9554.,lack of proper handling of cookies,1
CVE-2022-24355,This vulnerability allows network-adjacent attackers to execute arbitrary code on affected installations of TP-Link TL-WR940N 3.20.1 Build 200316 Rel.34392n (5553) routers. Authentication is not required to exploit this vulnerability. The specific flaw exists within the parsing of file name extensions. The issue results from the lack of proper validation of the length of user-supplied data prior to copying it to a fixed-length stack-based buffer. An attacker can leverage this vulnerability to execute code in the context of root. Was ZDI-CAN-13910.,lack of proper validation of the length of user-supplied data prior to copying it to a fixed-length stack-based buffer,"TP-Link. TL-WR940N. This vulnerability allows network-adjacent attackers to execute arbitrary code on affected installations of TP-Link TL-WR940N routers. Authentication is not required to exploit this vulnerability.

The specific flaw exists within the parsing of file name extensions. The issue results from the lack of proper validation of the length of user-supplied data prior to copying it to a fixed-length stack-based buffer. An attacker can leverage this vulnerability to execute code in the context of root.",lack of proper validation of the length of user-supplied data prior to copying it to a fixed-length stack-based buffer,1
CVE-2020-12109,"Vulnerability title: TP-LINK Cloud Cameras NCXXX Bonjour Command Injection
Author: Pietro Oliva
CVE: CVE-2020-12109
Vendor: TP-LINK
Product: NC200, NC210, NC220, NC230, NC250, NC260, NC450
Affected version: NC200 <= 2.1.9 build 200225, NC210 <= 1.0.9 build 200304,
                  NC220 <= 1.3.0 build 200304, NC230 <= 1.3.0 build 200304,
                  NC250 <= 1.3.0 build 200304, NC260 <= 1.5.2 build 200304,
                  NC450 <= 1.5.3 build 200304.

Fixed version:    NC200 <= 2.1.10 build 200401, NC210 <= 1.0.10 build 200401,
                  NC220 <= 1.3.1 build 200401, NC230 <= 1.3.1 build 200401,
                  NC250 <= 1.3.1 build 200401, NC260 <= 1.5.3 build_200401,
                  NC450 <= 1.5.4 build 200401

Description:
The issue is located in the swSystemSetProductAliasCheck method of the
ipcamera binary (Called when setting a new alias for the device via
/setsysname.fcgi), where despite a check on the name length, no other checks
are in place in order to prevent shell metacharacters from being introduced.
The system name would then be used in swBonjourStartHTTP as part of a shell
command where arbitrary commands could be injected and executed as root.","no other checks
are in place in order to prevent shell metacharacters from being introduced","TP-LINK Cloud Cameras including products NC200, NC210, NC220, NC230, NC250, NC260, and NC450 suffer from a command injection vulnerability. The issue is located in the swSystemSetProductAliasCheck method of the ipcamera binary (Called when setting a new alias for the device via /setsysname.fcgi), where despite a check on the name length, no other checks are in place in order to prevent shell metacharacters from being introduced. The system name would then be used in swBonjourStartHTTP as part of a shell command where arbitrary commands could be injected and executed as root.",no other checks are in place in order to prevent shell metacharacters from being introduced,1
,"TP-LINK Cloud Cameras including products NC200, NC210, NC220, NC230, NC250, NC260, and NC450 suffer from a command injection vulnerability. The issue is located in the swSystemSetProductAliasCheck method of the ipcamera binary (Called when setting a new alias for the device via /setsysname.fcgi), where despite a check on the name length, no other checks are in place in order to prevent shell metacharacters from being introduced. The system name would then be used in swBonjourStartHTTP as part of a shell command where arbitrary commands could be injected and executed as root.",no other checks are in place in order to prevent shell metacharacters from being introduced,"TP-Link cloud cameras NCXXX series (NC200, NC210, NC220, NC230, NC250, NC260, NC450) are vulnerable to an authenticated command injection vulnerability. In all devices except NC210, despite a check on the name length in swSystemSetProductAliasCheck, no other checks are in place in order to prevent shell metacharacters from being introduced. The system name would then be used in swBonjourStartHTTP as part of a shell command where arbitrary commands could be injected and executed as root. NC210 devices cannot be exploited directly via /setsysname.cgi due to proper input validation. NC210 devices are still vulnerable since swBonjourStartHTTP did not perform any validation when reading the alias name from the configuration file. The configuration file can be written, and code execution can be achieved by combining this issue with CVE-2020-12110.",no other checks are in place in order to prevent shell metacharacters from being introduced,1
,"TP-Link cloud cameras NCXXX series (NC200, NC210, NC220, NC230, NC250, NC260, NC450) are vulnerable to an authenticated command injection vulnerability. In all devices except NC210, despite a check on the name length in swSystemSetProductAliasCheck, no other checks are in place in order to prevent shell metacharacters from being introduced. The system name would then be used in swBonjourStartHTTP as part of a shell command where arbitrary commands could be injected and executed as root. NC210 devices cannot be exploited directly via /setsysname.cgi due to proper input validation. NC210 devices are still vulnerable since swBonjourStartHTTP did not perform any validation when reading the alias name from the configuration file. The configuration file can be written, and code execution can be achieved by combining this issue with CVE-2020-12110.",no other checks are in place in order to prevent shell metacharacters from being introduced,"Vulnerability title: TP-LINK Cloud Cameras NCXXX Bonjour Command Injection
Author: Pietro Oliva
CVE: CVE-2020-12109
Vendor: TP-LINK
Product: NC200, NC210, NC220, NC230, NC250, NC260, NC450
Affected version: NC200 <= 2.1.9 build 200225, NC210 <= 1.0.9 build 200304,
                  NC220 <= 1.3.0 build 200304, NC230 <= 1.3.0 build 200304,
                  NC250 <= 1.3.0 build 200304, NC260 <= 1.5.2 build 200304,
                  NC450 <= 1.5.3 build 200304.

Fixed version:    NC200 <= 2.1.10 build 200401, NC210 <= 1.0.10 build 200401,
                  NC220 <= 1.3.1 build 200401, NC230 <= 1.3.1 build 200401,
                  NC250 <= 1.3.1 build 200401, NC260 <= 1.5.3 build_200401,
                  NC450 <= 1.5.4 build 200401

Description:
The issue is located in the swSystemSetProductAliasCheck method of the
ipcamera binary (Called when setting a new alias for the device via
/setsysname.fcgi), where despite a check on the name length, no other checks
are in place in order to prevent shell metacharacters from being introduced.
The system name would then be used in swBonjourStartHTTP as part of a shell
command where arbitrary commands could be injected and executed as root.","no other checks
are in place in order to prevent shell metacharacters from being introduced",1
CVE-2021-22991,"On BIG-IP versions 16.0.x before 16.0.1.1, 15.1.x before 15.1.2.1, 14.1.x before 14.1.4, 13.1.x before 13.1.3.6, and 12.1.x before 12.1.5.3, undisclosed requests to a virtual server may be incorrectly handled by the Traffic Management Microkernel (TMM) URI normalization, which may trigger a buffer overflow, resulting in a DoS attack. In certain situations, it may theoretically allow bypass of URL based access control or remote code execution (RCE). Note: Software versions which have reached End of Software Development (EoSD) are not evaluated.",undisclosed requests to a virtual server may be incorrectly handled,"Undisclosed requests to a virtual server may be incorrectly handled by Traffic Management Microkernel (TMM) URI normalization, which may trigger a buffer overflow, resulting in a DoS attack. In certain situations, it theoretically may allow bypass of URL based access control or remote code execution (RCE). An issue with the Traffic Management Microkernel (TMM) process has been discovered in versions 16.0.1.1 and 14.1.4. An issue with the bigd process has been discovered in version 12.1.5.3.",Undisclosed requests to a virtual server may be incorrectly handled,1
CVE-2020-8862,This vulnerability allows network-adjacent attackers to bypass authentication on affected installations of D-Link DAP-2610 Firmware v2.01RC067 routers. Authentication is not required to exploit this vulnerability. The specific flaw exists within the handling of passwords. The issue results from the lack of proper password checking. An attacker can leverage this vulnerability to execute arbitrary code in the context of root. Was ZDI-CAN-10082.,lack of proper password checking,"D-Link.  DAP-2610. This vulnerability allows network-adjacent attackers to bypass authentication on affected installations of D-Link DAP-2610 routers. Authentication is not required to exploit this vulnerability.

The specific flaw exists within the handling of passwords. The issue results from the lack of proper password checking. An attacker can leverage this vulnerability to execute arbitrary code in the context of root.",lack of proper password checking,1
CVE-2020-8864,"This vulnerability allows network-adjacent attackers to bypass authentication on affected installations of D-Link DIR-867, DIR-878, and DIR-882 routers with firmware 1.10B04. Authentication is not required to exploit this vulnerability. The specific flaw exists within the handling of HNAP login requests. The issue results from the lack of proper handling of empty passwords. An attacker can leverage this vulnerability to execute arbitrary code on the router. Was ZDI-CAN-9471.",lack of proper handling of empty passwords,"D-Link. Multiple Routers.  
This vulnerability allows network-adjacent attackers to bypass authentication on affected installations of D-Link DIR-867, DIR-878, and DIR-882 routers. Authentication is not required to exploit this vulnerability.

The specific flaw exists within the handling of HNAP login requests. The issue results from the lack of proper handling of empty passwords. An attacker can leverage this vulnerability to execute arbitrary code on the router.",lack of proper handling of empty passwords,1
,"D-Link. Multiple Routers.  
This vulnerability allows network-adjacent attackers to bypass authentication on affected installations of D-Link DIR-867, DIR-878, and DIR-882 routers. Authentication is not required to exploit this vulnerability.

The specific flaw exists within the handling of HNAP login requests. The issue results from the lack of proper handling of empty passwords. An attacker can leverage this vulnerability to execute arbitrary code on the router.",lack of proper handling of empty passwords,Trend Micro's Zero Day Initiative (ZDI) research team submitted two security-related issues (1) CVE-2020-8863 (ZDI ID: ZDI-CAN-9470) an HNAP PrivateLogin Incorrect Implementation of Authentication Algorithm Authentication Bypass vulnerability and (2) CVE-2020-8864 (ZDI ID: ZDI-CAN-9471) an HNAP strncmp Incorrect Comparison Authentication Bypass vulnerability. These vulnerabilities are  logic flaws in the implementation of the HNAP allowing an LAN-Side attacker to bypass authentication and reset the admin password,HNAP PrivateLogin Incorrect Implementation,4
,Trend Micro's Zero Day Initiative (ZDI) research team submitted two security-related issues (1) CVE-2020-8863 (ZDI ID: ZDI-CAN-9470) an HNAP PrivateLogin Incorrect Implementation of Authentication Algorithm Authentication Bypass vulnerability and (2) CVE-2020-8864 (ZDI ID: ZDI-CAN-9471) an HNAP strncmp Incorrect Comparison Authentication Bypass vulnerability. These vulnerabilities are  logic flaws in the implementation of the HNAP allowing an LAN-Side attacker to bypass authentication and reset the admin password,HNAP PrivateLogin Incorrect Implementation,"This vulnerability allows network-adjacent attackers to bypass authentication on affected installations of D-Link DIR-867, DIR-878, and DIR-882 routers with firmware 1.10B04. Authentication is not required to exploit this vulnerability. The specific flaw exists within the handling of HNAP login requests. The issue results from the lack of proper handling of empty passwords. An attacker can leverage this vulnerability to execute arbitrary code on the router. Was ZDI-CAN-9471.",lack of proper handling of empty passwords,4
CVE-2020-15633,"This vulnerability allows network-adjacent attackers to bypass authentication on affected installations of D-Link DIR-867, DIR-878, and DIR-882 routers with firmware 1.20B10_BETA. Authentication is not required to exploit this vulnerability. The specific flaw exists within the handling of HNAP requests. The issue results from incorrect string matching logic when accessing protected pages. An attacker can leverage this vulnerability to escalate privileges and execute code in the context of the router. Was ZDI-CAN-10835.",incorrect string matching logic when accessing protected pages,"This vulnerability allows network-adjacent attackers to bypass authentication on affected installations of D-Link DIR-867, DIR-878, and DIR-882 routers. Authentication is not required to exploit this vulnerability.

The specific flaw exists within the handling of HNAP requests. The issue results from incorrect string matching logic when accessing protected pages. An attacker can leverage this vulnerability to escalate privileges and execute code in the context of the router.",incorrect string matching logic when accessing protected pages,1
CVE-2020-11898,"The Treck TCP/IP stack before 6.0.1.66 improperly handles an IPv4/ICMPv4 Length Parameter Inconsistency, which might allow remote attackers to trigger an information leak.",improperly handles an IPv4/ICMPv4 Length Parameter Inconsistency," Improper handling of length parameter in IPv4/ICMPv4      (CVE-2020-11898)
  --------------------------------------------------------------------------
  This vulnerability could cause information from previous  network  packets
  to leak into reply packets that are sent to an attacker.",Improper handling of length parameter,3
CVE-2019-1652,"A vulnerability in the web-based management interface of Cisco Small Business RV320 and RV325 Dual Gigabit WAN VPN Routers could allow an authenticated, remote attacker with administrative privileges on an affected device to execute arbitrary commands. The vulnerability is due to improper validation of user-supplied input. An attacker could exploit this vulnerability by sending malicious HTTP POST requests to the web-based management interface of an affected device. A successful exploit could allow the attacker to execute arbitrary commands on the underlying Linux shell as root. Cisco has released firmware updates that address this vulnerability.",improper validation of user-supplied input,"RedTeam Pentesting discovered a command injection vulnerability in the
web-based certificate generator feature of the Cisco RV320 router.


Details
=======

Product: Cisco RV320 Dual Gigabit WAN VPN Router, possibly others
Affected Versions: 1.4.2.15 and later
Fixed Versions: since 1.4.2.20
Vulnerability Type: Remote Code Execution
Security Risk: medium
Vendor URL: https://tools.cisco.com/security/center/content/CiscoSecurityAdvisory/cisco-sa-20190123-rv-inject
Vendor Status: fixed version released
Advisory URL: https://www.redteam-pentesting.de/advisories/rt-sa-2018-004
Advisory Status: published
CVE: CVE-2019-1652
CVE URL: https://cve.mitre.org/cgi-bin/cvename.cgi?name=CVE-2019-1652


Introduction
============

""Keep your employees, your business, and yourself productive and
effective. The Cisco RV320 Dual Gigabit WAN VPN Router is an ideal
choice for any small office or small business looking for performance,
security, and reliability in its network.""
(from the Cisco RV320 product page [1])


More Details
============

The router's web interface enables users to generate new X.509
certificates directly on the device. A user may enter typical
configuration parameters required for the certificate, such as
organisation, the common name and so on. In order to generate the
certificate, the device uses the command-line program openssl [2]. The
device's firmware uses the following format string to assemble the
openssl command:

------------------------------------------------------------------------
openssl req -new  -nodes  -subj '/C=%s/ST=%s/L=%s/O=%s/OU=%s/CN=%s/emailAddress=%s' -keyout %s%s.key -sha256 -out %s%s.csr -days %s -newkey rsa:%s  > /dev/null 2>&1
------------------------------------------------------------------------

Although the web interface filters certain special characters via
JavaScript, there is actually no input filtering, escaping or encoding
happening on the server. This allows attackers to inject arbitrary
commands.","no input filtering, escaping or encoding happening on the server",3
,"RedTeam Pentesting discovered a command injection vulnerability in the
web-based certificate generator feature of the Cisco RV320 router.


Details
=======

Product: Cisco RV320 Dual Gigabit WAN VPN Router, possibly others
Affected Versions: 1.4.2.15 and later
Fixed Versions: since 1.4.2.20
Vulnerability Type: Remote Code Execution
Security Risk: medium
Vendor URL: https://tools.cisco.com/security/center/content/CiscoSecurityAdvisory/cisco-sa-20190123-rv-inject
Vendor Status: fixed version released
Advisory URL: https://www.redteam-pentesting.de/advisories/rt-sa-2018-004
Advisory Status: published
CVE: CVE-2019-1652
CVE URL: https://cve.mitre.org/cgi-bin/cvename.cgi?name=CVE-2019-1652


Introduction
============

""Keep your employees, your business, and yourself productive and
effective. The Cisco RV320 Dual Gigabit WAN VPN Router is an ideal
choice for any small office or small business looking for performance,
security, and reliability in its network.""
(from the Cisco RV320 product page [1])


More Details
============

The router's web interface enables users to generate new X.509
certificates directly on the device. A user may enter typical
configuration parameters required for the certificate, such as
organisation, the common name and so on. In order to generate the
certificate, the device uses the command-line program openssl [2]. The
device's firmware uses the following format string to assemble the
openssl command:

------------------------------------------------------------------------
openssl req -new  -nodes  -subj '/C=%s/ST=%s/L=%s/O=%s/OU=%s/CN=%s/emailAddress=%s' -keyout %s%s.key -sha256 -out %s%s.csr -days %s -newkey rsa:%s  > /dev/null 2>&1
------------------------------------------------------------------------

Although the web interface filters certain special characters via
JavaScript, there is actually no input filtering, escaping or encoding
happening on the server. This allows attackers to inject arbitrary
commands.","no input filtering, escaping or encoding happening on the server","A vulnerability in the web-based management interface of Cisco Small Business RV320 and RV325 Dual Gigabit WAN VPN Routers could allow an authenticated, remote attacker with administrative privileges on an affected device to execute arbitrary commands.

The vulnerability is due to improper validation of user-supplied input. An attacker could exploit this vulnerability by sending malicious HTTP POST requests to the web-based management interface of an affected device. A successful exploit could allow the attacker to execute arbitrary commands on the underlying Linux shell as root.

This vulnerability affects Cisco Small Business RV320 and RV325 Dual Gigabit WAN VPN Routers running Firmware Releases 1.4.2.15 through 1.4.2.20.",improper validation of user-supplied input,3
,"A vulnerability in the web-based management interface of Cisco Small Business RV320 and RV325 Dual Gigabit WAN VPN Routers could allow an authenticated, remote attacker with administrative privileges on an affected device to execute arbitrary commands.

The vulnerability is due to improper validation of user-supplied input. An attacker could exploit this vulnerability by sending malicious HTTP POST requests to the web-based management interface of an affected device. A successful exploit could allow the attacker to execute arbitrary commands on the underlying Linux shell as root.

This vulnerability affects Cisco Small Business RV320 and RV325 Dual Gigabit WAN VPN Routers running Firmware Releases 1.4.2.15 through 1.4.2.20.",improper validation of user-supplied input,"A vulnerability in the web-based management interface of Cisco Small Business RV320 and RV325 Dual Gigabit WAN VPN Routers could allow an authenticated, remote attacker with administrative privileges on an affected device to execute arbitrary commands. The vulnerability is due to improper validation of user-supplied input. An attacker could exploit this vulnerability by sending malicious HTTP POST requests to the web-based management interface of an affected device. A successful exploit could allow the attacker to execute arbitrary commands on the underlying Linux shell as root. Cisco has released firmware updates that address this vulnerability.",improper validation of user-supplied input,1
CVE-2019-11477,"1: CVE-2019-11477: SACK Panic (Linux >= 2.6.29)
Description: A sequence of SACKs may be crafted such that one can trigger an integer overflow, leading to a kernel panic.",A sequence of SACKs may be crafted ,"CVE-2019-11477: SACK Panic (Linux >= 2.6.29). A sequence of specifically crafted selective acknowledgements (SACK) may trigger an integer overflow, leading to a denial of service or possible kernel failure (panic).

A remote attacker could cause a kernel crash (CVE-2019-11477) or excessive resource consumption leading to a delay or denial of service.",A sequence of specifically crafted selective acknowledgements (SACK),2
,"CVE-2019-11477: SACK Panic (Linux >= 2.6.29). A sequence of specifically crafted selective acknowledgements (SACK) may trigger an integer overflow, leading to a denial of service or possible kernel failure (panic).

A remote attacker could cause a kernel crash (CVE-2019-11477) or excessive resource consumption leading to a delay or denial of service.",A sequence of specifically crafted selective acknowledgements (SACK),"Jonathan Looney discovered that the Linux kernel default MSS is hard-coded to 48 bytes. This allows a remote peer to fragment TCP resend queues significantly more than if a larger MSS were enforced. A remote attacker could use this to cause a denial of service. This has been fixed in stable kernel releases 4.4.182, 4.9.182, 4.14.127, 4.19.52, 5.1.11, and is fixed in commits 967c05aee439e6e5d7d805e195b3a20ef5c433d6 and 5f3e2bf008c2221478101ee72f5cb4654b9fc363.",default MSS is hard-coded to 48 bytes,4
,"Jonathan Looney discovered that the Linux kernel default MSS is hard-coded to 48 bytes. This allows a remote peer to fragment TCP resend queues significantly more than if a larger MSS were enforced. A remote attacker could use this to cause a denial of service. This has been fixed in stable kernel releases 4.4.182, 4.9.182, 4.14.127, 4.19.52, 5.1.11, and is fixed in commits 967c05aee439e6e5d7d805e195b3a20ef5c433d6 and 5f3e2bf008c2221478101ee72f5cb4654b9fc363.",default MSS is hard-coded to 48 bytes,"1: CVE-2019-11477: SACK Panic (Linux >= 2.6.29)
Description: A sequence of SACKs may be crafted such that one can trigger an integer overflow, leading to a kernel panic.",A sequence of SACKs may be crafted ,4
CVE-2019-11478,"Jonathan Looney discovered that the TCP retransmission queue implementation in tcp_fragment in the Linux kernel could be fragmented when handling certain TCP Selective Acknowledgment (SACK) sequences. A remote attacker could use this to cause a denial of service. This has been fixed in stable kernel releases 4.4.182, 4.9.182, 4.14.127, 4.19.52, 5.1.11, and is fixed in commit f070ef2ac66716357066b683fb0baf55f8191a2e.",the TCP retransmission queue implementation could be fragmented when handling certain TCP Selective Acknowledgment (SACK) sequences,"2: CVE-2019-11478: SACK Slowness (Linux < 4.15) or Excess Resource Usage (all Linux versions)
Description: It is possible to send a crafted sequence of SACKs which will fragment the TCP retransmission queue. On Linux kernels prior to 4.15, an attacker may be able to further exploit the fragmented queue to cause an expensive linked-list walk for subsequent SACKs received for that same TCP connection.",send a crafted sequence of SACKs which will fragment the TCP retransmission queue,2
,"2: CVE-2019-11478: SACK Slowness (Linux < 4.15) or Excess Resource Usage (all Linux versions)
Description: It is possible to send a crafted sequence of SACKs which will fragment the TCP retransmission queue. On Linux kernels prior to 4.15, an attacker may be able to further exploit the fragmented queue to cause an expensive linked-list walk for subsequent SACKs received for that same TCP connection.",send a crafted sequence of SACKs which will fragment the TCP retransmission queue,"CVE-2019-11478: SACK Slowness (Linux < 4.15) or Excess Resource Usage (all Linux versions). A sequence of specifically crafted selective acknowledgements (SACK) may cause a fragmented TCP queue, with a potential result in slowness or denial of service.

A remote attacker could cause a kernel crash (CVE-2019-11477) or excessive resource consumption leading to a delay or denial of service.",A sequence of specifically crafted selective acknowledgements (SACK) may cause a fragmented TCP queue,2
,"CVE-2019-11478: SACK Slowness (Linux < 4.15) or Excess Resource Usage (all Linux versions). A sequence of specifically crafted selective acknowledgements (SACK) may cause a fragmented TCP queue, with a potential result in slowness or denial of service.

A remote attacker could cause a kernel crash (CVE-2019-11477) or excessive resource consumption leading to a delay or denial of service.",A sequence of specifically crafted selective acknowledgements (SACK) may cause a fragmented TCP queue,"Jonathan Looney discovered that the Linux kernel default MSS is hard-coded to 48 bytes. This allows a remote peer to fragment TCP resend queues significantly more than if a larger MSS were enforced. A remote attacker could use this to cause a denial of service. This has been fixed in stable kernel releases 4.4.182, 4.9.182, 4.14.127, 4.19.52, 5.1.11, and is fixed in commits 967c05aee439e6e5d7d805e195b3a20ef5c433d6 and 5f3e2bf008c2221478101ee72f5cb4654b9fc363.",allows a remote peer to fragment TCP resend queues significantly more than if a larger MSS were enforced,2
,"Jonathan Looney discovered that the Linux kernel default MSS is hard-coded to 48 bytes. This allows a remote peer to fragment TCP resend queues significantly more than if a larger MSS were enforced. A remote attacker could use this to cause a denial of service. This has been fixed in stable kernel releases 4.4.182, 4.9.182, 4.14.127, 4.19.52, 5.1.11, and is fixed in commits 967c05aee439e6e5d7d805e195b3a20ef5c433d6 and 5f3e2bf008c2221478101ee72f5cb4654b9fc363.",allows a remote peer to fragment TCP resend queues significantly more than if a larger MSS were enforced,"Jonathan Looney discovered that the TCP retransmission queue implementation in tcp_fragment in the Linux kernel could be fragmented when handling certain TCP Selective Acknowledgment (SACK) sequences. A remote attacker could use this to cause a denial of service. This has been fixed in stable kernel releases 4.4.182, 4.9.182, 4.14.127, 4.19.52, 5.1.11, and is fixed in commit f070ef2ac66716357066b683fb0baf55f8191a2e.",the TCP retransmission queue implementation could be fragmented when handling certain TCP Selective Acknowledgment (SACK) sequences,2
,"Jonathan Looney discovered that the TCP retransmission queue implementation in tcp_fragment in the Linux kernel could be fragmented when handling certain TCP Selective Acknowledgment (SACK) sequences. A remote attacker could use this to cause a denial of service. This has been fixed in stable kernel releases 4.4.182, 4.9.182, 4.14.127, 4.19.52, 5.1.11, and is fixed in commit f070ef2ac66716357066b683fb0baf55f8191a2e.",the TCP retransmission queue implementation could be fragmented when handling certain TCP Selective Acknowledgment (SACK) sequences,"CVE-2019-11478: SACK Slowness (Linux < 4.15) or Excess Resource Usage (all Linux versions). A sequence of specifically crafted selective acknowledgements (SACK) may cause a fragmented TCP queue, with a potential result in slowness or denial of service.

A remote attacker could cause a kernel crash (CVE-2019-11477) or excessive resource consumption leading to a delay or denial of service.",A sequence of specifically crafted selective acknowledgements (SACK) may cause a fragmented TCP queue,2
,"2: CVE-2019-11478: SACK Slowness (Linux < 4.15) or Excess Resource Usage (all Linux versions)
Description: It is possible to send a crafted sequence of SACKs which will fragment the TCP retransmission queue. On Linux kernels prior to 4.15, an attacker may be able to further exploit the fragmented queue to cause an expensive linked-list walk for subsequent SACKs received for that same TCP connection.",send a crafted sequence of SACKs which will fragment the TCP retransmission queue,"Jonathan Looney discovered that the Linux kernel default MSS is hard-coded to 48 bytes. This allows a remote peer to fragment TCP resend queues significantly more than if a larger MSS were enforced. A remote attacker could use this to cause a denial of service. This has been fixed in stable kernel releases 4.4.182, 4.9.182, 4.14.127, 4.19.52, 5.1.11, and is fixed in commits 967c05aee439e6e5d7d805e195b3a20ef5c433d6 and 5f3e2bf008c2221478101ee72f5cb4654b9fc363.",allows a remote peer to fragment TCP resend queues significantly more than if a larger MSS were enforced,2
CVE-2019-11479,"Jonathan Looney discovered that the Linux kernel default MSS is hard-coded to 48 bytes. This allows a remote peer to fragment TCP resend queues significantly more than if a larger MSS were enforced. A remote attacker could use this to cause a denial of service. This has been fixed in stable kernel releases 4.4.182, 4.9.182, 4.14.127, 4.19.52, 5.1.11, and is fixed in commits 967c05aee439e6e5d7d805e195b3a20ef5c433d6 and 5f3e2bf008c2221478101ee72f5cb4654b9fc363.",allows a remote peer to fragment TCP resend queues significantly more than if a larger MSS were enforced,"4: CVE-2019-11479: Excess Resource Consumption Due to Low MSS Values (all Linux versions)
Description: An attacker can force the Linux kernel to segment its responses into multiple TCP segments, each of which contains only 8 bytes of data. This drastically increases the bandwidth required to deliver the same amount of data. Further, it consumes additional resources (CPU and NIC processing power). This attack requires continued effort from the attacker and the impacts will end shortly after the attacker stops sending traffic.","can force the Linux kernel to segment its responses into multiple TCP segments, each of which contains only 8 bytes of data",4
,"4: CVE-2019-11479: Excess Resource Consumption Due to Low MSS Values (all Linux versions)
Description: An attacker can force the Linux kernel to segment its responses into multiple TCP segments, each of which contains only 8 bytes of data. This drastically increases the bandwidth required to deliver the same amount of data. Further, it consumes additional resources (CPU and NIC processing power). This attack requires continued effort from the attacker and the impacts will end shortly after the attacker stops sending traffic.","can force the Linux kernel to segment its responses into multiple TCP segments, each of which contains only 8 bytes of data","CVE-2019-11479: Excess Resource Consumption Due to Low MSS Values (all Linux versions). The default maximum segment size (MSS) is hard-coded to 48 bytes which may cause an increase of fragmented packets. This vulnerability may create a resource consumption problem in both the CPU and network interface, resulting in slowness or denial of service.

A remote attacker could cause a kernel crash (CVE-2019-11477) or excessive resource consumption leading to a delay or denial of service.",default maximum segment size (MSS) is hard-coded to 48 bytes which may cause an increase of fragmented packets.,4
,"CVE-2019-11479: Excess Resource Consumption Due to Low MSS Values (all Linux versions). The default maximum segment size (MSS) is hard-coded to 48 bytes which may cause an increase of fragmented packets. This vulnerability may create a resource consumption problem in both the CPU and network interface, resulting in slowness or denial of service.

A remote attacker could cause a kernel crash (CVE-2019-11477) or excessive resource consumption leading to a delay or denial of service.",default maximum segment size (MSS) is hard-coded to 48 bytes which may cause an increase of fragmented packets.,"Jonathan Looney discovered that the Linux kernel default MSS is hard-coded to 48 bytes. This allows a remote peer to fragment TCP resend queues significantly more than if a larger MSS were enforced. A remote attacker could use this to cause a denial of service. This has been fixed in stable kernel releases 4.4.182, 4.9.182, 4.14.127, 4.19.52, 5.1.11, and is fixed in commits 967c05aee439e6e5d7d805e195b3a20ef5c433d6 and 5f3e2bf008c2221478101ee72f5cb4654b9fc363.",allows a remote peer to fragment TCP resend queues significantly more than if a larger MSS were enforced,4
,"Jonathan Looney discovered that the Linux kernel default MSS is hard-coded to 48 bytes. This allows a remote peer to fragment TCP resend queues significantly more than if a larger MSS were enforced. A remote attacker could use this to cause a denial of service. This has been fixed in stable kernel releases 4.4.182, 4.9.182, 4.14.127, 4.19.52, 5.1.11, and is fixed in commits 967c05aee439e6e5d7d805e195b3a20ef5c433d6 and 5f3e2bf008c2221478101ee72f5cb4654b9fc363.",allows a remote peer to fragment TCP resend queues significantly more than if a larger MSS were enforced,"Jonathan Looney discovered that the Linux kernel default MSS is hard-coded to 48 bytes. This allows a remote peer to fragment TCP resend queues significantly more than if a larger MSS were enforced. A remote attacker could use this to cause a denial of service. This has been fixed in stable kernel releases 4.4.182, 4.9.182, 4.14.127, 4.19.52, 5.1.11, and is fixed in commits 967c05aee439e6e5d7d805e195b3a20ef5c433d6 and 5f3e2bf008c2221478101ee72f5cb4654b9fc363.",allows a remote peer to fragment TCP resend queues significantly more than if a larger MSS were enforced,1
CVE-2014-8361,"rtl81xx SDK. This vulnerability allows remote attackers to execute arbitrary code on vulnerable installations of the Realtek SDK. Authentication is not required to exploit this vulnerability.

The specific flaw exists within the miniigd SOAP service. The issue lies in the handling of the NewInternalClient requests due to a failure to sanitize user data before executing a system call. An attacker could leverage this vulnerability to execute code with root privileges.",a failure to sanitize user data before executing a system call,"There is a vulnerability in a RealTek SDK, which allowed unauthenticated remote code execution. The miniigd service fails to properly sanitize user input on it's NewInternalClient function before performing a system call.  A malicious user could craft a request which would lead to the device executing arbitrary code of the attacker's choosing.",miniigd service fails to properly sanitize user input on it's NewInternalClient function before performing a system call,3
CVE-2021-32030,"The administrator application on ASUS GT-AC2900 devices before 3.0.0.4.386.42643 allows authentication bypass when processing remote input from an unauthenticated user, leading to unauthorized access to the administrator interface. This relates to handle_request in router/httpd/httpd.c and auth_check in web_hook.o. An attacker-supplied value of '\0' matches the device's default value of '\0' in some situations.","when processing remote input from an unauthenticated user, leading to unauthorized access to the administrator interface","Affected Products
ASUS GT-AC2900 Firmware version 9.0.0.4.386.41994 (Beta Version)
ASUS GT-AC2900 Firmware version 3.0.0.4.386.41793 (Latest production)
Summary
The ASUS GT-AC2900 administrator application is susceptible to an authentication bypass vulnerability when processing remote input from an unauthenticated user, leading to unauthorized access to the administrator interface.","processing remote input from an unauthenticated user, leading to unauthorized access to the administrator interface",1
CVE-2019-19344,"There is a use-after-free issue in all samba 4.9.x versions before 4.9.18, all samba 4.10.x versions before 4.10.12 and all samba 4.11.x versions before 4.11.5, essentially due to a call to realloc() while other local variables still point at the original buffer.",a call to realloc() while other local variables still point at the original buffer,"Christian Naumer discovered that Samba incorrectly handled DNS zone
scavenging. This issue could possibly result in some incorrect data being
written to the DB. This issue only applied to Ubuntu 19.04 and Ubuntu
19.10. ","incorrectly handled DNS zone
scavenging",4
CVE-2020-7069,"In PHP versions 7.2.x below 7.2.34, 7.3.x below 7.3.23 and 7.4.x below 7.4.11, when AES-CCM mode is used with openssl_encrypt() function with 12 bytes IV, only first 7 bytes of the IV is actually used. This can lead to both decreased security and incorrect encryption data.","AES-CCM mode is used with openssl_encrypt() function with 12 bytes IV, only first 7 bytes of the IV is actually used","It was discovered that PHP incorrectly handled certain encrypt ciphers.
An attacker could possibly use this issue to decrease security or cause
incorrect encryption data. This issue only affected Ubuntu 18.04 LTS and
Ubuntu 20.04 LTS.",incorrectly handled certain encrypt ciphers,4
CVE-2020-5946,"In BIG-IP Advanced WAF and FPS versions 16.0.0-16.0.0.1, 15.1.0-15.1.0.5, and 14.1.0-14.1.2.7, under some circumstances, certain format client-side alerts sent to the BIG-IP virtual server configured with DataSafe may cause the Traffic Management Microkernel (TMM) to restart, resulting in a Denial-of-Service (DoS).",certain format client-side alerts sent to the BIG-IP virtual server configured with DataSafe,"Security Advisory Description
Under some circumstances, certain format client-side alerts sent to the BIG-IP virtual server configured with DataSafe may cause the Traffic Management Microkernel (TMM) to restart, resulting in a Denial-of-Service (DoS). (CVE-2020-5946)

Impact

A remote attacker may be able to perform a denial-of-service (DoS) attack on a BIG-IP system by causing the TMM process to restart.",certain format client-side alerts sent to the BIG-IP virtual server configured with DataSafe,1
1,2,3,4,5,
16,8,4,11,0,
¹²¼Æ£º,39,,,,
